{"best_val_loss":1.84594272e+08,"loss":1.0345151488e+10,"val_loss":1.2305316864e+10,"val_accuracy":1,"accuracy":0.018772894516587257,"_timestamp":1.72733697344517e+09,"_runtime":167.111405,"_step":4,"best_epoch":0,"_wandb":{"runtime":298},"epoch":4,"graph":{"_type":"graph-file","sha256":"ab54540210ed54cdeb0ccb1cf23b74ae15deb183dceb20419f1ba73c2be33d91","size":1272,"path":"media/graph/graph_summary_ab54540210ed54cdeb0c.graph.json"}}