{"accuracy":0.00976801011711359,"_timestamp":1.727336312538947e+09,"val_accuracy":0,"graph":{"sha256":"17d400f7b5608c2792f320957ab70ee5f579be35b7c1a5c8f835430824954fe2","size":1575,"path":"media/graph/graph_summary_17d400f7b5608c2792f3.graph.json","_type":"graph-file"},"loss":1.67092984741888e+14,"val_loss":1.83945748545536e+14,"epoch":9,"best_val_loss":8.216588288e+10,"best_epoch":0,"_runtime":236.97109,"_step":9,"_wandb":{"runtime":240}}