{"epoch/loss":0.34738242626190186,"_wandb":{"runtime":4},"epoch/val_accuracy":0.8596000075340271,"epoch/learning_rate":0.0010000000474974513,"_runtime":4.08349,"epoch/epoch":4,"_step":4,"epoch/accuracy":0.8752333521842957,"epoch/val_loss":0.3955211341381073,"_timestamp":1.727335239759474e+09}